brand,generics
Accrosuv,atorvastatin;rosuvastatin
Ace,azithromycin;diclofenac;paracetamol
Act,azithromycin;glimepiride
Actmin,diclofenac;paracetamol
Amlol,amlodipine;metoprolol
Amoline,amlodipine;amoxicillin
Ampiwal,amoxicillin;ampicillin
Anze,azithromycin;enalapril
Aurizol,omeprazole;pantoprazole
Axn,amoxicillin;atorvastatin
Aztel,azithromycin;telmisartan
Beta,metoprolol;propranolol
Betagesic,diclofenac;paracetamol
Betazole,omeprazole;pantoprazole
Bio,azithromycin;cetirizine;ciprofloxacin;pantoprazole
Biozole,omeprazole;pantoprazole
Bpc,amlodipine;telmisartan
Bpcure,losartan;telmisartan
Cadmet,metformin;metoprolol
Canto,omeprazole;paracetamol;telmisartan
Cetoz,cetirizine;ciprofloxacin
Chilmic,azithromycin;paracetamol
Concid,omeprazole;pantoprazole
Cool,fluoxetine;omeprazole;pantoprazole
Dac,diclofenac;pantoprazole
Dailyglim,glimepiride;metformin
Danavish,amlodipine;atorvastatin;clopidogrel;rosuvastatin;telmisartan
Davaindia,amlodipine;amoxicillin;atorvastatin;azithromycin;clopidogrel;enalapril;gabapentin;glimepiride;hydrochlorothiazide;isosorbide_mononitrate;lisinopril;losartan;metformin;methotrexate;metoprolol;omeprazole;pantoprazole;paracetamol;pregabalin;propranolol;rosuvastatin;telmisartan
Demo,diclofenac;omeprazole
Dolfed,diclofenac;paracetamol
Dolfre,diclofenac;tramadol
Dolomed,paracetamol;tramadol
Dolotus,diclofenac;paracetamol
Expan,amoxicillin;pantoprazole
Eze,atorvastatin;cetirizine
Flamar,diclofenac;ibuprofen
Flox,ciprofloxacin;fluoxetine
Gala,glimepiride;metformin
Gaptodol,diclofenac;paracetamol
Gastro,omeprazole;pantoprazole
Glonac,diclofenac;paracetamol
Hydol,paracetamol;tramadol
Hytor,atorvastatin;rosuvastatin
Ipain,diclofenac;tramadol
Kedol,diclofenac;tramadol
Lapril,enalapril;lisinopril
Latin,atorvastatin;fluoxetine
Lexmet,glimepiride;metformin
Licopin,amlodipine;telmisartan
Lipira,atorvastatin;rosuvastatin
Lla,atorvastatin;rosuvastatin
Mepzol,omeprazole;pantoprazole
Met,metformin;metoprolol
Metacure,metformin;metoprolol
Metagil,glimepiride;metformin
Metfine,metformin;metoprolol
Metpil,metformin;metoprolol
Metwin,metformin;metoprolol
Mono,azithromycin;isosorbide_mononitrate
New,cetirizine;diclofenac;paracetamol;pregabalin
Ngzole,omeprazole;pantoprazole
Novadol,paracetamol;tramadol
Nutracid,omeprazole;pantoprazole
Omni,diclofenac;omeprazole
Omx,azithromycin;omeprazole
One,cetirizine;metoprolol;sildenafil
Orva,atorvastatin;metformin
Pain,diclofenac;paracetamol
Pandol,pantoprazole;paracetamol
Pantra,pantoprazole;tramadol
Panzer,ciprofloxacin;pantoprazole
Panzit,azithromycin;pantoprazole
Paradol,paracetamol;tramadol
Pepzol,omeprazole;pantoprazole
Polo,losartan;paracetamol
Pop,pantoprazole;propranolol
Pox,ciprofloxacin;pantoprazole
Pra,omeprazole;pantoprazole
Praz,omeprazole;pantoprazole
Probeta,metoprolol;propranolol
Prodol,paracetamol;pregabalin
Prosec,omeprazole;pantoprazole
Protal,pantoprazole;propranolol
Ram,pantoprazole;paracetamol
Relax,diclofenac;propranolol
Revlin,amoxicillin;pregabalin
Ricpar,diclofenac;paracetamol
Rizole,omeprazole;pantoprazole
Roscillin,amoxicillin;ampicillin
Rose,rosuvastatin;sildenafil
Rotin,atorvastatin;rosuvastatin
Saanvas,atorvastatin;rosuvastatin
San,glimepiride;pantoprazole
Satin,atorvastatin;simvastatin
Somoa,diclofenac;paracetamol
Stayhappi,amlodipine;amoxicillin;atorvastatin;azithromycin;cetirizine;ciprofloxacin;clarithromycin;clopidogrel;diclofenac;enalapril;fluoxetine;gabapentin;glimepiride;isosorbide_mononitrate;lisinopril;metformin;metoprolol;montelukast;omeprazole;pantoprazole;paracetamol;pregabalin;propranolol;rosuvastatin;sildenafil;simvastatin;telmisartan;tramadol
Temaz,omeprazole;telmisartan
Top,diclofenac;pantoprazole
Toxi,amoxicillin;propranolol
Tram,amoxicillin;tramadol
Triz,azithromycin;cetirizine
Ulcure,omeprazole;pantoprazole
Ultra,diclofenac;sildenafil
Ultramol,paracetamol;tramadol
Vast,atorvastatin;rosuvastatin
Well,pantoprazole;sildenafil
Welpar,pantoprazole;paracetamol
Win,pantoprazole;paracetamol
Xaio,diclofenac;paracetamol;tramadol
Zekocid,omeprazole;pantoprazole
Zel,azithromycin;sildenafil
Zemo,omeprazole;pantoprazole
Zenmet,metformin;metoprolol
Zin,azithromycin;cetirizine
Zomac,omeprazole;pantoprazole
Zoom,diclofenac;omeprazole;pantoprazole
