generic_name,drug_class,brands,max_daily_dose_mg
paracetamol,analgesic_antipyretic,Crocin;Medomol;Metacin,4000
ibuprofen,nsaid,Brufen;Bren;Ibugesic,3200
aspirin,antiplatelet,Ecosprin;Actisprin;Aspeeday,
diclofenac,nsaid,Voveran;Dilona;Dynapar,200
warfarin,anticoagulant,Warf;Uniwarfin;Cofarin,
clopidogrel,antiplatelet,Clofirst;Clavix;Plagril,
omeprazole,proton_pump_inhibitor,Omez;Opel;Zegerd,
pantoprazole,proton_pump_inhibitor,Pan;Acipan;Penta,
metformin,biguanide,Glycomet;Gluformin;Glyciphage,2550
atorvastatin,statin,Atorica;Lipicure;Storvas,80
simvastatin,statin,Simvotin;Biosim;Simcard,40
rosuvastatin,statin,Crevast;Rosuvas;Rosycap,40
clarithromycin,macrolide,Crixan;Clariwin;Klarim,1000
ciprofloxacin,fluoroquinolone,Ciplox;Cifran;Cipdose,1500
azithromycin,macrolide,Azithral;Azi;Azee,
lisinopril,ace_inhibitor,Lisir;Zestril,80
enalapril,ace_inhibitor,Envas;Enapril,40
losartan,arb,Losacar;Lostar;Lotan,100
telmisartan,arb,Telmi;Sartel;Targit,80
amlodipine,calcium_channel_blocker,Amlong;Amlo;Adp,10
spironolactone,potassium_sparing_diuretic,Aldactone;Cglactone;Silectone,400
furosemide,loop_diuretic,Lasix;Cgfru;Frusenat,600
hydrochlorothiazide,thiazide_diuretic,Aquazide;Bpzide;Dizide,200
amoxicillin,penicillin,Novamox;Amox,
ampicillin,penicillin,Aristocillin;Broadicilin;Biocilin,
sildenafil,pde5_inhibitor,Penegra;Vigore,100
isosorbide_mononitrate,nitrate,Monotrate;Ihd,
tramadol,opioid_analgesic,Tramazac;Contramal;Trd,400
fluoxetine,ssri,Prodep;Fludac;Fludep,80
propranolol,beta_blocker,Prolol;Betacap;Mibeta,640
metoprolol,beta_blocker,Metolar;Embeta;Betamet,
digoxin,cardiac_glycoside,Dixin;Geoxin;Lanoxin,
amiodarone,antiarrhythmic,Eurythmic;Cordarone;Amidone,
methotrexate,antimetabolite,Folitrax;Mexate;Meditrex,
levothyroxine,thyroid_hormone,Thyrox;Thyronorm;Thyroup,
gabapentin,gabapentinoid,Gabapin;Gabatol;Gabatop,3600
pregabalin,gabapentinoid,Pregabid;Pregalin;Maxgalin,600
cetirizine,antihistamine,Cetcip;Cetmet,10
montelukast,leukotriene_antagonist,Symkast;Fluencia;Montair,10
glimepiride,sulfonylurea,Zoryl;Apriglim;Gamaryl,8
