drug_a,drug_b,severity,mechanism,recommendation,alternative,source
warfarin,aspirin,major,Aspirin adds antiplatelet action and gastric mucosal injury on top of warfarin's anticoagulation so bleeding risk rises sharply.,Avoid the combination unless a specialist has specifically indicated it. If essential monitor INR and watch for bleeding and consider gastroprotection.,Paracetamol if the indication is pain or fever. Discuss with a cardiologist if antiplatelet action is required.,DDInter / openFDA warfarin label (VERIFY)
warfarin,ibuprofen,major,NSAIDs impair platelet function and can cause GI bleeding and may raise INR so bleeding risk increases.,Avoid. If unavoidable use the shortest course with close INR and bleeding monitoring.,Paracetamol for pain or fever (monitor INR with regular high doses).,DDInter / openFDA warfarin label (VERIFY)
warfarin,paracetamol,moderate,Regular paracetamol use at higher doses can raise INR.,Acceptable at low doses. Monitor INR if paracetamol is used regularly.,,DDInter (VERIFY)
warfarin,clarithromycin,major,Clarithromycin inhibits warfarin metabolism so INR and bleeding risk rise.,Avoid if possible. If used check INR within 3 to 5 days and adjust the warfarin dose.,Consider a non-interacting antibiotic per local guidelines.,DDInter (VERIFY)
clopidogrel,omeprazole,moderate,Omeprazole inhibits CYP2C19 and reduces conversion of clopidogrel to its active form so antiplatelet effect may fall.,Avoid omeprazole with clopidogrel where possible.,Pantoprazole has less CYP2C19 inhibition.,openFDA clopidogrel label (VERIFY)
simvastatin,clarithromycin,major,Clarithromycin strongly inhibits CYP3A4 and raises simvastatin levels so risk of myopathy and rhabdomyolysis rises.,Avoid. Withhold simvastatin during the antibiotic course.,Use a non-CYP3A4-inhibiting antibiotic or temporarily hold the statin.,openFDA simvastatin label (VERIFY)
lisinopril,spironolactone,moderate,Both raise serum potassium so hyperkalaemia risk increases especially in kidney impairment.,Monitor potassium and renal function closely.,,DDInter (VERIFY)
ace_inhibitor,nsaid,moderate,NSAIDs blunt the blood pressure lowering effect of ACE inhibitors and raise the risk of acute kidney injury.,Avoid regular NSAID use. Monitor renal function and blood pressure if unavoidable.,Paracetamol for pain.,DDInter (VERIFY)
sildenafil,nitrate,contraindicated,PDE5 inhibitors potentiate nitrate vasodilation which can cause profound life-threatening hypotension.,Do not combine.,Discuss alternatives with the treating clinician.,openFDA sildenafil label (VERIFY)
tramadol,fluoxetine,major,Additive serotonergic effect raises the risk of serotonin syndrome and seizures. Fluoxetine also inhibits CYP2D6 which reduces tramadol pain relief.,Avoid. If unavoidable use the lowest dose with close monitoring.,Paracetamol or another non-serotonergic analgesic.,DDInter / openFDA tramadol label (VERIFY)
